x	dlog_hex
0.250000	ef39fafe422ef6bf
2.254008	5dc8d757b801ea3f
4.258016	bbcbfa664c2ef73f
6.262024	d0c6ae4d205afd3f
8.266032	e717f14eb1e50040
10.270040	3cdbf3d243a20240
12.274048	1c4b9268550f0440
14.278056	0510a4fe10450540
16.282064	ea3314260d520640
18.286072	94a5c729c63f0740
20.290080	aacf0d24c0140840
22.294088	2e52f687a6d50840
24.298096	73f02563ef850940
26.302104	98e19bb43d280a40
28.306112	9e8b9b8d9fbe0a40
30.310120	ae0a43e5b64a0b40
32.314128	2c0a4553d5cd0b40
34.318136	c92f086f0f490c40
36.322144	f9ef3cad4abd0c40
38.326152	d987ec82472b0d40
40.330160	190b5ef2a8930d40
42.334168	406ec342faf60d40
44.338176	4ede0f65b3550e40
46.342184	c4c7f15f3cb00e40
48.346192	6d2a3802f0060f40
50.350200	c2dbe7081e5a0f40
52.354208	bce1e3d90caa0f40
54.358216	222264ebfaf60f40
56.362224	181628f58f201040
58.366232	a45293d656441040
60.370240	3e7cef7ee8661040
62.374248	191b682159881040
64.378257	7dfe6f06bba81040
66.382265	020ff2c71ec81040
68.386273	02bd8d8493e61040
70.390281	2d7f6c0b27041140
72.394289	9db0ef01e6201140
74.398297	e00d3904dc3c1140
76.402305	08fe5fc113581140
78.406313	e2b8ff1397721140
80.410321	4bf2ab176f8c1140
82.414329	1d47c13ba4a51140
84.418337	f3eef2533ebe1140
86.422345	d030e7a644d61140
88.426353	e70327fbbded1140
90.430361	85899aa2b0041240
92.434369	1833c384221b1240
94.438377	1712dd2719311240
96.442385	d1b50ab999461240
98.446393	99e2a913a95b1240
100.450401	5427ebc74b701240
102.454409	4abdc22086841240
104.458417	7b1346295c981240
106.462425	aad286b1d1ab1240
108.466433	c2f5f952eabe1240
110.470441	c9b27774a9d11240
112.474449	5556df4d12e41240
114.478457	edd268eb27f61240
116.482465	7796ac30ed071340
118.486473	b03169db64191340
120.490481	d17a0d86912a1340
122.494489	a80f0daa753b1340
124.498497	f26f04a2134c1340
126.502505	8153b1ab6d5c1340
128.506513	c65cc3e9856c1340
130.510521	2bd688655e7c1340
132.514529	e8c37a10f98b1340
134.518537	993babc5579b1340
136.522545	faa4184b7caa1340
138.526553	1942e85268b91340
140.530561	7d208a7c1dc81340
142.534569	9b5ec8559dd61340
144.538577	ee80c35be9e41340
146.542585	5167ddfb02f31340
148.546593	154d9494eb001440
150.550601	561c4f76a40e1440
152.554609	ae3e1ce42e1c1440
154.558617	13fa63148c291440
156.562625	56508f31bd361440
158.566633	ba41a45ac3431440
160.570641	673fd8a39f501440
162.574649	b0881917535d1440
164.578657	171e90b4de691440
166.582665	85e6167343761440
168.586673	0f96ad4082821440
170.590681	cbd9e3029c8e1440
172.594689	6e413e97919a1440
174.598697	ac5595d363a61440
176.602705	85416f8613b21440
178.606713	7a6c5477a1bd1440
180.610721	735c1f670ec91440
182.614729	472f48105bd41440
184.618737	cef52b2788df1440
186.622745	d934505a96ea1440
188.626754	30cba25286f51440
190.630762	2e77b6b358001540
192.634770	2d32fc1b0e0b1540
194.638778	1894f924a7151540
196.642786	d66d7c6324201540
198.646794	ecc5cb67862a1540
200.650802	b95fd6bdcd341540
202.654810	c8f25eedfa3e1540
204.658818	3435267a0e491540
206.662826	a4d912e408531540
208.666834	489f57a7ea5c1540
210.670842	2890973cb4661540
212.674850	3288081966701540
214.678858	c71d94ae007a1540
216.682866	e502f76b84831540
218.686874	82f4debcf18c1540
220.690882	644c070a49961540
222.694890	5a4854b98a9f1540
224.698898	ad18ed2db7a81540
226.702906	6ac654c8ceb11540
228.706914	260182e6d1ba1540
230.710922	f4e2f5e3c0c31540
232.714930	4db8d1199ccc1540
234.718938	f0d8ebde63d51540
236.722946	dd9de38718de1540
238.726954	ee7f3467bae61540
240.730962	dc6948cd49ef1540
242.734970	d4478908c7f71540
244.738978	42de716532001640
246.742986	cdf09d2e8c081640
248.746994	1cc2d9acd4101640
250.751002	63f430270c191640
252.755010	5cd2fce232211640
254.759018	d807f22349291640
256.763026	b4d02d2c4f311640
258.767034	92a4423c45391640
260.771042	826544932b411640
262.775050	3b17d46e02491640
264.779058	6e242b0bca501640
266.783066	4e3726a382581640
268.787074	33aa4f702c601640
270.791082	f894e9aac7671640
272.795090	7c7bf789546f1640
274.799098	6ca14743d3761640
276.803106	4e077c0b447e1640
278.807114	88141316a7851640
280.811122	00f26f95fc8c1640
282.815130	ad98e2ba44941640
284.819138	5397afb67f9b1640
286.823146	889217b8ada21640
288.827154	d2815eedcea91640
290.831162	c4acd283e3b01640
292.835170	9f6ad3a7ebb71640
294.839178	12a7d784e7be1640
296.843186	6d2e7445d7c51640
298.847194	a1c36113bbcc1640
300.851202	2502831793d31640
302.855210	e20dea795fda1640
304.859218	2013de6120e11640
306.863226	4d98e0f5d5e71640
308.867234	71a3b25b80ee1640
310.871242	11b559b81ff51640
312.875251	0d9a2430b4fb1640
314.879259	2c16b0e63d021740
316.883267	b168ebfebc081740
318.887275	8aac1c9b310f1740
320.891283	5f15e5dc9b151740
322.895291	df0a45e5fb1b1740
324.899299	8523a0d451221740
326.903307	0a00c1ca9d281740
328.907315	aa08dde6df2e1740
330.911323	590d984718351740
332.915331	eec9070b473b1740
334.919339	4e4fb74e6c411740
336.923347	8852aa2f88471740
338.927355	d86260ca9a4d1740
340.931363	6c07d83aa4531740
342.935371	c2c5919ca4591740
344.939379	8311930a9c5f1740
346.943387	8e26699f8a651740
348.947395	00ce2b75706b1740
350.951403	ea0e80a54d711740
352.955411	75cb9a4922771740
354.959419	0d4b437aee7c1740
356.963427	40b2d54fb2821740
358.967435	ec6845e26d881740
360.971443	5b6f1f49218e1740
362.975451	cda28c9bcc931740
364.979459	14f253f06f991740
366.983467	a682dc5d0b9f1740
368.987475	d8c62ffa9ea41740
370.991483	8385fbda2aaa1740
372.995491	c3d39315afaf1740
374.999499	1801f5be2bb51740
377.003507	7276c5eba0ba1740
379.007515	888857b00ec01740
381.011523	e43dab2075c51740
383.015531	04097050d4ca1740
385.019539	f27606532cd01740
387.023547	b2d2813b7dd51740
389.027555	d9bda91cc7da1740
391.031563	a1befb080ae01740
393.035571	d9c3ac1246e51740
395.039579	ec9eaa4b7bea1740
397.043587	66749dc5a9ef1740
399.047595	2223e991d1f41740
401.051603	87a2aec1f2f91740
403.055611	0058cd650dff1740
405.059619	0664e48e21041840
407.063627	e6e6534d2f091840
409.067635	983d3eb1360e1840
411.071643	d53689ca37131840
413.075651	a640dfa832181840
415.079659	a98eb05b271d1840
417.083667	413934f215221840
419.087675	e455697bfe261840
421.091683	b3081806e12b1840
423.095691	9f8fd2a0bd301840
425.099699	3247f65994351840
427.103707	40a9ac3f653a1840
429.107715	9a45ec5f303f1840
431.111723	feb479c8f5431840
433.115731	5c86e886b5481840
435.119739	a5269ca86f4d1840
437.123747	4ac3c83a24521840
439.127756	8a27744ad3561840
441.131764	b09476e47c5b1840
443.135772	78957b1521601840
445.139780	a2cc02eabf641840
447.143788	e9be606e59691840
449.147796	7198bfaeed6d1840
451.151804	d7ed1fb77c721840
453.155812	f278599306771840
455.159820	6fd11b4f8b7b1840
457.163828	5a21eff50a801840
459.167836	bad5349385841840
461.171844	534b2832fb881840
463.175852	a477dfdd6b8d1840
465.179860	458e4ba1d7911840
467.183868	b8a239873e961840
469.187876	ba46539aa09a1840
471.191884	43251fe5fd9e1840
473.195892	2c9a017256a31840
475.199900	ae463d4baaa71840
477.203908	b8a2f37af9ab1840
479.207916	428b250b44b01840
481.211924	9bcdb3058ab41840
483.215932	e1af5f74cbb81840
485.219940	9b76cb6008bd1840
487.223948	97e77ad440c11840
489.227956	17cad3d874c51840
491.231964	5f641e77a4c91840
493.235972	b7f685b8cfcd1840
495.239980	ec3319a6f6d11840
497.243988	62b7ca4819d61840
499.247996	c97871a937da1840
501.252004	7f3dc9d051de1840
503.256012	ab0773c767e21840
505.260020	2d83f59579e61840
507.264028	5970bd4487ea1840
509.268036	a10c1edc90ee1840
511.272044	3179516496f21840
513.276052	7e1f79e597f61840
515.280060	f0139e6795fa1840
517.284068	9376b1f28efe1840
519.288076	f3d18c8e84021940
521.292084	1f78f24276061940
523.296092	e9dd8d17640a1940
525.300100	5cf4f3134e0e1940
527.304108	9080a33f34121940
529.308116	be7105a216161940
531.312124	ca356d42f5191940
533.316132	220c1928d01d1940
535.320140	1b57325aa7211940
537.324148	c7ebcddf7a251940
539.328156	4a60ecbf4a291940
541.332164	c1587a01172d1940
543.336172	b6d250abdf301940
545.340180	3d6f35c4a4341940
547.344188	a4bbda5266381940
549.348196	dd78e05d243c1940
551.352204	95e1d3ebde3f1940
553.356212	08ef2f0396431940
555.360220	919c5daa49471940
557.364228	0b2ab4e7f94a1940
559.368236	f95c79c1a64e1940
561.372244	8dc0e13d50521940
563.376253	7de41063f6551940
565.380261	c99a193799591940
567.384269	6234febf385d1940
569.388277	bfbcb003d5601940
571.392285	673413086e641940
573.396293	76caf7d203681940
575.400301	2115216a966b1940
577.404309	3b4942d3256f1940
579.408317	c770ff13b2721940
581.412325	9ca0ed313b761940
583.416333	122d9332c1791940
585.420341	d5dd671b447d1940
587.424349	cc20d5f1c3801940
589.428357	263c36bb40841940
591.432365	8c7fd87cba871940
593.436373	7e74fb3b318b1940
595.440381	e40dd1fda48e1940
597.444389	c8d67dc715921940
599.448397	5420199e83951940
601.452405	032fad86ee981940
603.456413	12673786569c1940
605.460421	3d78a8a1bb9f1940
607.464429	b688e4dd1da31940
609.468437	705fc33f7da61940
611.472445	b78d10ccd9a91940
613.476453	18988b8733ad1940
615.480461	9e1ee8768ab01940
617.484469	6804ce9edeb31940
619.488477	9c96d90330b71940
621.492485	bab29baa7eba1940
623.496493	4bec9997cabd1940
625.500501	fdb14ecf13c11940
627.504509	247229565ac41940
629.508517	a1be8e309ec71940
631.512525	4170d862dfca1940
633.516533	84c955f11dce1940
635.520541	da984be059d11940
637.524549	595af43393d41940
639.528557	e75880f0c9d71940
641.532565	e1ce151afeda1940
643.536573	4106d1b42fde1940
645.540581	4578c4c45ee11940
647.544589	90ecf84d8be41940
649.548597	dd976d54b5e71940
651.552605	2f3a18dcdcea1940
653.556613	8d3ce5e801ee1940
655.560621	4bceb77e24f11940
657.564629	e1016aa144f41940
659.568637	4ee9cc5462f71940
661.572645	0fb2a89c7dfa1940
663.576653	abc0bc7c96fd1940
665.580661	d3cbbff8ac001a40
667.584669	1bf75f14c1031a40
669.588677	49ed42d3d2061a40
671.592685	44fa0539e2091a40
673.596693	9e243e49ef0c1a40
675.600701	bb467807fa0f1a40
677.604709	9d27397702131a40
679.608717	4e93fd9b08161a40
681.612725	f0723a790c191a40
683.616733	74e45c120e1c1a40
685.620741	f451ca6a0d1f1a40
687.624749	b988e0850a221a40
689.628758	eccff56605251a40
691.632766	effe5811fe271a40
693.636774	67935188f42a1a40
695.640782	f4c61fcfe82d1a40
697.644790	94a4fce8da301a40
699.648798	c01d1ad9ca331a40
701.652806	351fa3a2b8361a40
703.656814	74a5bb48a4391a40
705.660822	f6d080ce8d3c1a40
707.664830	1afa0837753f1a40
709.668838	c3c463855a421a40
711.672846	bb339abc3d451a40
713.676854	c6bbaedf1e481a40
715.680862	72569df1fd4a1a40
717.684870	ac945bf5da4d1a40
719.688878	07b1d8edb5501a40
721.692886	cba1fddd8e531a40
723.696894	bf2aadc865561a40
725.700902	b6eec3b03a591a40
727.704910	dc8018990d5c1a40
729.708918	c9757b84de5e1a40
731.712926	5774b775ad611a40
733.716934	3c46916f7a641a40
735.720942	6ce8c77445671a40
737.724950	3c9b14880e6a1a40
739.728958	5bf22aacd56c1a40
741.732966	80e4b8e39a6f1a40
743.736974	f2da66315e721a40
745.740982	d6c0d7971f751a40
747.744990	4212a919df771a40
749.748998	25eb72b99c7a1a40
751.753006	fa15c879587d1a40
753.757014	441a365d12801a40
755.761022	dc4a4566ca821a40
757.765030	14d4789780851a40
759.769038	9fc94ef334881a40
761.773046	5434407ce78a1a40
763.777054	bb1fc134988d1a40
765.781062	77a7401f47901a40
767.785070	7404293ef4921a40
769.789078	f999df939f951a40
771.793086	8102c52249981a40
773.797094	761c35edf09a1a40
775.801102	b31687f5969d1a40
777.805110	ee7c0d3e3ba01a40
779.809118	e74316c9dda21a40
781.813126	7fd5ea987ea51a40
783.817134	9f1cd0af1da81a40
785.821142	f5900610bbaa1a40
787.825150	9542cabb56ad1a40
789.829158	6be552b5f0af1a40
791.833166	8edcd3fe88b21a40
793.837174	66457c9a1fb51a40
795.841182	bd02778ab4b71a40
797.845190	99c7ead047ba1a40
799.849198	0522fa6fd9bc1a40
801.853206	aa85c36969bf1a40
803.857214	515661c0f7c11a40
805.861222	39f2e97584c41a40
807.865230	56bc6f8c0fc71a40
809.869238	6826010699c91a40
811.873246	f7baa8e420cc1a40
813.877255	2b276d2aa7ce1a40
815.881263	8c4451d92bd11a40
817.885271	992254f3aed31a40
819.889279	4c10717a30d61a40
821.893287	78a59f70b0d81a40
823.897295	10ccd3d72edb1a40
825.901303	49c9fdb1abdd1a40
827.905311	aa460a0127e01a40
829.909319	fa5ae2c6a0e21a40
831.913327	0f936b0519e51a40
833.917335	8afa87be8fe71a40
835.921343	752416f404ea1a40
837.925351	c133f1a778ec1a40
839.929359	b4e3f0dbeaee1a40
841.933367	3390e9915bf11a40
843.937375	ff3daccbcaf31a40
845.941383	c9a2068b38f61a40
847.945391	3f2dc3d1a4f81a40
849.949399	f10ca9a10ffb1a40
851.953407	2a3a7cfc78fd1a40
853.957415	aa7dfde3e0ff1a40
855.961423	4e78ea5947021b40
857.965431	9daafd5fac041b40
859.969439	3e7ceef70f071b40
861.973447	5e43712372091b40
863.977455	fa4b37e4d20b1b40
865.981463	13dfee3b320e1b40
867.985471	d449432c90101b40
869.989479	97e4dcb6ec121b40
871.993487	e31961dd47151b40
873.997495	4a6d72a1a1171b40
876.001503	3882b004fa191b40
878.005511	af22b808511c1b40
880.009519	ee4523afa61e1b40
882.013527	021789f9fa201b40
884.017535	4bfb7de94d231b40
886.021543	e39893809f251b40
888.025551	00dd58c0ef271b40
890.029559	35025aaa3e2a1b40
892.033567	b39620408c2c1b40
894.037575	61823383d82e1b40
896.041583	fa0c177523311b40
898.045591	09e44c176d331b40
900.049599	da20546bb5351b40
902.053607	5d4ea972fc371b40
904.057615	f06ec62e423a1b40
906.061623	210223a1863c1b40
908.065631	5d0a34cbc93e1b40
910.069639	8a126cae0b411b40
912.073647	99333b4c4c431b40
914.077655	051a0fa68b451b40
916.081663	410b53bdc9471b40
918.085671	18eb6f93064a1b40
920.089679	fe40cc29424c1b40
922.093687	553dcc817c4e1b40
924.097695	9dbed19cb5501b40
926.101703	9e563c7ced521b40
928.105711	7b4f692124551b40
930.109719	bbb0b38d59571b40
932.113727	484474c28d591b40
934.117735	599b01c1c05b1b40
936.121743	5413b08af25d1b40
938.125752	a0dad12023601b40
940.129760	6af5b68452621b40
942.133768	5d42adb780641b40
944.137776	507f00bbad661b40
946.141784	e24dfa8fd9681b40
948.145792	1038e237046b1b40
950.149800	b7b4fdb32d6d1b40
952.153808	0f2c9005566f1b40
954.157816	1dfcda2d7d711b40
956.161824	0f7d1d2ea3731b40
958.165832	96059507c8751b40
960.169840	2eef7cbbeb771b40
962.173848	609a0e4b0e7a1b40
964.177856	f57281b72f7c1b40
966.181864	1bf40a02507e1b40
968.185872	89acde2b6f801b40
970.189880	8d422e368d821b40
972.193888	16782922aa841b40
974.197896	b12efef0c5861b40
976.201904	796bd8a3e0881b40
978.205912	075be23bfa8a1b40
980.209920	475544ba128d1b40
982.213928	53e124202a8f1b40
984.217936	3bb9a86e40911b40
986.221944	c3cdf2a655931b40
988.225952	1d4a24ca69951b40
990.229960	96975cd97c971b40
992.233968	3561b9d58e991b40
994.237976	599756c09f9b1b40
996.241984	4a734e9aaf9d1b40
998.245992	be7ab964be9f1b40
1000.250000	5a83ae20cca11b40
